,,,POWER INDEX,PROJECTIONS,,,,,,,,
,,,W-L,BPI,BPI RK,TREND,OFF,DEF,OVR W-L,CONF W-L,WIN CONF%,REM SOS RK
Duke,Duke Blue Devils,ACC,31-3,24.8,1,--,13.6,11.1,31.0-3.0,19.0-1.0,>99.9%,-
Houston,Houston Cougars,Big 12,30-4,23.8,2,--,10.7,13.1,31.0-4.0,19.0-1.0,>99.9%,62nd
Auburn,Auburn Tigers,SEC,28-5,22.3,3,--,12.9,9.4,28.0-5.0,15.0-3.0,>99.9%,-
Florida,Florida Gators,SEC,30-4,20.1,4,--,11.6,8.6,31.0-4.0,14.0-4.0,<0.1%,57th
Tennessee,Tennessee Volunteers,SEC,27-7,19.4,5,1,8.8,10.5,28.0-7.0,12.0-6.0,<0.1%,55th
Alabama,Alabama Crimson Tide,SEC,25-8,19.2,6,1,12.3,6.9,26.0-8.0,13.0-5.0,<0.1%,56th
Iowa State,Iowa State Cyclones,Big 12,24-9,18.7,7,--,8.2,10.5,24.9-9.1,13.0-7.0,<0.1%,50th
Texas Tech,Texas Tech Red Raiders,Big 12,25-8,18.2,8,--,11.1,7.1,25.9-8.1,15.0-5.0,<0.1%,52nd
Arizona,Arizona Wildcats,Big 12,22-12,18.2,9,1,10.3,7.9,22.9-12.1,14.0-6.0,<0.1%,53rd
Gonzaga,Gonzaga Bulldogs,WCC,25-8,17.9,10,1,10.8,7.1,25.7-8.3,14.0-4.0,<0.1%,33rd
Michigan State,Michigan State Spartans,Big Ten,27-6,17.3,11,1,7.1,10.3,27.9-6.1,17.0-3.0,>99.9%,54th
St. John's,St. John's Red Storm,Big East,30-4,17.1,12,4,5.6,11.5,31.0-4.0,18.0-2.0,>99.9%,59th
Maryland,Maryland Terrapins,Big Ten,25-8,16.9,13,1,6.8,10.1,25.9-8.1,14.0-6.0,<0.1%,49th
Kansas,Kansas Jayhawks,Big 12,21-12,16.9,14,3,7.5,9.4,21.7-12.3,11.0-9.0,<0.1%,35th
Clemson,Clemson Tigers,ACC,27-6,16.4,15,--,8.2,8.2,27.8-6.2,18.0-2.0,<0.1%,44th
Connecticut,UConn Huskies,Big East,23-10,16.4,16,1,10.6,5.8,23.7-10.3,14.0-6.0,<0.1%,37th
Kentucky,Kentucky Wildcats,SEC,22-11,16.1,17,4,10.4,5.7,22.9-11.1,10.0-8.0,<0.1%,51st
Wisconsin,Wisconsin Badgers,Big Ten,26-9,16,18,5,9,6.9,26.9-9.1,13.0-7.0,<0.1%,58th
Baylor,Baylor Bears,Big 12,19-14,15.9,19,3,10,5.9,19.6-14.4,10.0-10.0,<0.1%,32nd
Marquette,Marquette Golden Eagles,Big East,23-10,15.8,20,1,7.6,8.2,23.7-10.3,13.0-7.0,<0.1%,39th
Purdue,Purdue Boilermakers,Big Ten,22-11,15.7,21,3,10.4,5.3,22.8-11.2,13.0-7.0,<0.1%,47th
Texas A&M,Texas A&M Aggies,SEC,22-10,15.6,22,2,6.6,9,22.8-10.2,11.0-7.0,<0.1%,45th
Illinois,Illinois Fighting Illini,Big Ten,21-12,15.3,23,2,9,6.3,21.0-12.0,12.0-8.0,<0.1%,-
BYU,BYU Cougars,Big 12,24-9,15.1,24,--,9.3,5.8,24.6-9.4,14.0-6.0,<0.1%,29th
North Carolina,North Carolina Tar Heels,ACC,22-13,14.8,25,3,8.7,6.1,22.7-13.3,13.0-7.0,<0.1%,41st
Creighton,Creighton Bluejays,Big East,24-10,14.6,26,--,7.8,6.9,24.5-10.5,15.0-5.0,<0.1%,25th
UCLA,UCLA Bruins,Big Ten,22-10,14.4,27,2,6.5,8,22.6-10.4,13.0-7.0,<0.1%,36th
Louisville,Louisville Cardinals,ACC,27-7,14,28,1,6.6,7.4,27.5-7.5,18.0-2.0,<0.1%,23rd
Michigan,Michigan Wolverines,Big Ten,25-9,13.7,29,3,6.2,7.6,25.7-9.3,14.0-6.0,<0.1%,43rd
Saint Mary's,Saint Mary's Gaels,WCC,28-5,13.7,30,1,5.1,8.6,28.7-5.3,17.0-1.0,>99.9%,42nd
Missouri,Missouri Tigers,SEC,22-11,13.7,31,1,9.6,4.1,22.7-11.3,10.0-8.0,<0.1%,46th
Mississippi,Ole Miss Rebels,SEC,22-11,13.6,32,1,7.1,6.5,22.0-11.0,10.0-8.0,<0.1%,-
Texas,Texas Longhorns,SEC,19-15,13.4,33,3,7.6,5.7,19.5-15.5,6.0-12.0,<0.1%,34th
VCU,VCU Rams,A-10,28-6,13.3,34,1,5.5,7.8,28.4-6.6,15.0-3.0,>99.9%,21st
Mississippi State,Mississippi State Bulldogs,SEC,21-12,13.2,35,2,7.3,5.9,21.4-12.6,8.0-10.0,<0.1%,17th
Oregon,Oregon Ducks,Big Ten,24-9,13.2,36,2,6.4,6.8,24.8-9.2,12.0-8.0,<0.1%,48th
,Ohio State Buckeyes,Big Ten,17-15,12.7,37,2,7,5.7,17.0-15.0,9.0-11.0,<0.1%,-
Georgia,Georgia Bulldogs,SEC,20-12,12.5,38,--,5.4,7.1,20.3-12.7,8.0-10.0,<0.1%,8th
Xavier,Xavier Musketeers,Big East,21-11,12.5,39,--,6.5,6,21.5-11.5,13.0-7.0,<0.1%,30th
,Cincinnati Bearcats,Big 12,18-15,12.2,40,--,4,8.2,18.0-15.0,7.0-13.0,<0.1%,-
,Villanova Wildcats,Big East,19-14,11.8,41,--,7.9,3.9,19.0-14.0,11.0-9.0,<0.1%,-
Arkansas,Arkansas Razorbacks,SEC,20-13,11.7,42,1,4.4,7.3,20.3-13.7,8.0-10.0,<0.1%,11th
Oklahoma,Oklahoma Sooners,SEC,20-13,11.5,43,2,7.1,4.4,20.3-13.7,6.0-12.0,<0.1%,14th
Utah State,Utah State Aggies,Mountain West,26-7,11.5,44,--,8.9,2.6,26.4-7.6,15.0-5.0,<0.1%,24th
,SMU Mustangs,ACC,23-10,11.5,45,1,6.7,4.8,23.0-10.0,13.0-7.0,<0.1%,-
Memphis,Memphis Tigers,American,29-5,11.3,46,4,4.9,6.4,29.5-5.5,16.0-2.0,>99.9%,40th
,Northwestern Wildcats,Big Ten,17-16,11.2,47,2,5,6.2,17.0-16.0,7.0-13.0,<0.1%,-
,Boise State Broncos,Mountain West,24-10,10.9,48,5,5.8,5.1,24.0-10.0,14.0-6.0,<0.1%,-
New Mexico,New Mexico Lobos,Mountain West,26-7,10.8,49,2,3.8,7.1,26.3-7.7,17.0-3.0,>99.9%,18th
,Pittsburgh Panthers,ACC,17-15,10.8,50,--,6.4,4.4,17.0-15.0,8.0-12.0,<0.1%,-
,West Virginia Mountaineers,Big 12,19-13,10.6,51,3,2.4,8.3,19.0-13.0,10.0-10.0,<0.1%,-
,Indiana Hoosiers,Big Ten,19-13,10.6,52,--,4.6,6,19.0-13.0,10.0-10.0,<0.1%,-
Colorado State,Colorado State Rams,Mountain West,25-9,10.5,53,3,5.2,5.3,25.5-9.5,16.0-4.0,<0.1%,38th
San Diego State,San Diego State Aztecs,Mountain West,21-9,10.5,54,3,1.9,8.6,21.3-9.7,14.0-6.0,<0.1%,22nd
,Nebraska Cornhuskers,Big Ten,17-14,10,55,1,4.4,5.7,17.0-14.0,7.0-13.0,<0.1%,-
Vanderbilt,Vanderbilt Commodores,SEC,20-12,10,56,1,6.3,3.6,20.3-12.7,8.0-10.0,<0.1%,26th
UC San Diego,UC San Diego Tritons,Big West,30-4,9.6,57,2,4.5,5.1,30.3-4.7,18.0-2.0,>99.9%,27th
,Penn State Nittany Lions,Big Ten,16-15,9.6,58,1,4.7,4.9,16.0-15.0,6.0-14.0,<0.1%,-
,Iowa Hawkeyes,Big Ten,17-16,9.4,59,3,8.4,1.1,17.0-16.0,7.0-13.0,<0.1%,-
,USC Trojans,Big Ten,16-17,9.4,60,--,6.3,3.1,16.0-17.0,7.0-13.0,<0.1%,-
,Utah Utes,Big 12,16-16,8.8,61,3,4,4.9,16.0-16.0,8.0-12.0,<0.1%,-
,Wake Forest Demon Deacons,ACC,21-11,8.7,62,1,2,6.7,21.0-11.0,13.0-7.0,<0.1%,-
,Kansas State Wildcats,Big 12,16-17,8.5,63,--,2.4,6.1,16.0-17.0,9.0-11.0,<0.1%,-
,UCF Knights,Big 12,17-16,8.4,64,7,4.9,3.5,17.0-16.0,7.0-13.0,<0.1%,-
,Butler Bulldogs,Big East,14-19,8.4,65,--,5.9,2.5,14.0-19.0,6.0-14.0,<0.1%,-
McNeese State,McNeese Cowboys,Southland,27-6,8.3,66,--,4.7,3.7,27.2-6.8,19.0-1.0,>99.9%,13th
,TCU Horned Frogs,Big 12,16-16,8.1,67,1,1,7.1,16.0-16.0,9.0-11.0,<0.1%,-
Yale,Yale Bulldogs,Ivy,22-7,8.1,68,4,5.2,2.9,22.2-7.8,13.0-1.0,>99.9%,20th
,George Mason Patriots,A-10,26-8,7.9,69,5,0.9,7,26.0-8.0,15.0-3.0,>99.9%,-
,Santa Clara Broncos,WCC,20-12,7.9,70,3,4.8,3.1,20.0-12.0,12.0-6.0,<0.1%,-
,Saint Joseph's Hawks,A-10,22-12,7.7,71,1,3.2,4.5,22.0-12.0,11.0-7.0,<0.1%,-
,Dayton Flyers,A-10,22-10,7.6,72,--,5.3,2.3,22.0-10.0,12.0-6.0,<0.1%,-
Drake,Drake Bulldogs,MVC,30-3,7.6,73,5,2.6,5,30.3-3.7,17.0-3.0,>99.9%,28th
,LSU Tigers,SEC,14-18,7.5,74,5,2.4,5.1,14.0-18.0,3.0-15.0,<0.1%,-
,San Francisco Dons,WCC,24-9,7.4,75,4,2.3,5.1,24.0-9.0,13.0-5.0,<0.1%,-
,Rutgers Scarlet Knights,Big Ten,15-17,7.4,76,1,4.3,3.1,15.0-17.0,8.0-12.0,<0.1%,-
,Arizona State Sun Devils,Big 12,13-19,7.4,77,1,3.2,4.1,13.0-19.0,4.0-16.0,<0.1%,-
,Nevada Wolf Pack,Mountain West,17-16,7.3,78,1,4.4,2.9,17.0-16.0,8.0-12.0,<0.1%,-
,South Carolina Gamecocks,SEC,46011,7.2,79,1,2.3,4.9,12.0-20.0,2.0-16.0,<0.1%,-
,North Texas Mean Green,American,24-8,7,80,7,1.9,5.1,24.0-8.0,14.0-4.0,<0.1%,-
High Point,High Point Panthers,Big South,29-5,6.8,81,--,7.2,-0.3,29.2-5.8,14.0-2.0,>99.9%,19th
,Colorado Buffaloes,Big 12,14-20,6.8,82,8,1.6,5.2,14.0-20.0,3.0-17.0,<0.1%,-
,Providence Friars,Big East,20-Dec,6.5,83,--,3.2,3.2,12.0-20.0,6.0-14.0,<0.1%,-
,Georgetown Hoyas,Big East,17-15,6.5,84,2,1.5,4.9,17.0-15.0,8.0-12.0,<0.1%,-
Liberty,Liberty Flames,CUSA,28-6,6.4,85,2,2.3,4.1,28.2-6.8,13.0-5.0,>99.9%,31st
,Florida State Seminoles,ACC,17-15,6.4,86,2,1.6,4.9,17.0-15.0,8.0-12.0,<0.1%,-
Grand Canyon,Grand Canyon Lopes,WAC,26-7,6.2,87,5,1.2,5,26.1-7.9,13.0-3.0,<0.1%,12th
,Stanford Cardinal,ACC,20-13,6.1,88,3,3.2,2.9,20.0-13.0,11.0-9.0,<0.1%,-
,Notre Dame Fighting Irish,ACC,15-18,6.1,89,4,3,3.1,15.0-18.0,8.0-12.0,<0.1%,-
,Minnesota Golden Gophers,Big Ten,15-17,6,90,4,2.7,3.3,15.0-17.0,7.0-13.0,<0.1%,-
,Arkansas State Red Wolves,Sun Belt,24-10,6,91,3,3.1,2.9,24.0-10.0,13.0-5.0,>99.9%,-
,Bradley Braves,MVC,26-8,5.9,92,3,3.3,2.6,26.0-8.0,15.0-5.0,<0.1%,-
,NC State Wolfpack,ACC,46010,5.7,93,1,2.4,3.3,12.0-19.0,5.0-15.0,<0.1%,-
,Georgia Tech Yellow Jackets,ACC,17-16,5.7,94,3,1.2,4.4,17.0-16.0,10.0-10.0,<0.1%,-
,UC Irvine Anteaters,Big West,28-6,5.5,95,--,-0.5,6.1,28.0-6.0,17.0-3.0,<0.1%,-
,UNLV Rebels,Mountain West,18-15,5.5,96,3,1.2,4.3,18.0-15.0,11.0-9.0,<0.1%,-
,Syracuse Orange,ACC,14-19,5.4,97,1,3.4,1.9,14.0-19.0,7.0-13.0,<0.1%,-
,Oregon State Beavers,WCC,20-12,5.1,98,--,4.7,0.4,20.0-12.0,10.0-8.0,<0.1%,-
,UAB Blazers,American,22-12,4.9,99,1,6.5,-1.6,22.0-12.0,13.0-5.0,<0.1%,-
,Virginia Cavaliers,ACC,15-17,4.9,100,1,1.8,3.1,15.0-17.0,8.0-12.0,<0.1%,-
,Loyola Chicago Ramblers,A-10,22-11,4.8,101,--,0.6,4.2,22.0-11.0,12.0-6.0,<0.1%,-
,Florida Atlantic Owls,American,18-15,4.6,102,1,3.8,0.8,18.0-15.0,10.0-8.0,<0.1%,-
,Oklahoma State Cowboys,Big 12,15-17,4.3,103,1,0.5,3.8,15.0-17.0,7.0-13.0,<0.1%,-
,California Golden Bears,ACC,14-19,4,104,1,3,1,14.0-19.0,6.0-14.0,<0.1%,-
,DePaul Blue Demons,Big East,14-19,3.9,105,5,2.2,1.7,14.0-19.0,4.0-16.0,<0.1%,-
Lipscomb,Lipscomb Bisons,ASUN,25-9,3.8,106,--,2.4,1.4,25.1-9.9,14.0-4.0,>99.9%,5th
,Washington Huskies,Big Ten,13-18,3.8,107,3,1.5,2.3,13.0-18.0,4.0-16.0,<0.1%,-
,Saint Louis Billikens,A-10,19-14,3.6,108,1,1.7,1.9,19.0-14.0,11.0-7.0,<0.1%,-
Troy,Troy Trojans,Sun Belt,23-10,3.6,109,7,-0.2,3.9,23.1-10.9,13.0-5.0,>99.9%,15th
,St. Bonaventure Bonnies,A-10,22-11,3.6,110,2,-0.2,3.8,22.0-11.0,9.0-9.0,<0.1%,-
NC Wilmington,UNC Wilmington Seahawks,CAA,27-7,3.5,111,4,3.7,-0.2,27.1-7.9,14.0-4.0,<0.1%,6th
Akron,Akron Zips,MAC,28-6,3.2,112,2,2.7,0.4,28.1-6.9,17.0-1.0,>99.9%,7th
,Northern Iowa Panthers,MVC,20-12,3.1,113,2,1.6,1.5,20.0-12.0,14.0-6.0,<0.1%,-
,Washington State Cougars,WCC,19-14,2.9,114,1,2.8,0.1,19.0-14.0,8.0-10.0,<0.1%,-
,Samford Bulldogs,SoCon,22-10,2.9,115,--,2.6,0.2,22.0-10.0,12.0-6.0,<0.1%,-
,George Washington Revolutionaries,A-10,21-12,2.7,116,4,0.9,1.8,21.0-12.0,9.0-9.0,<0.1%,-
,Cornell Big Red,Ivy,18-11,2.5,117,2,4.3,-1.8,18.0-11.0,9.0-5.0,<0.1%,-
,Duquesne Dukes,A-10,13-19,2.5,118,1,-0.3,2.8,13.0-19.0,8.0-10.0,<0.1%,-
,Miami Hurricanes,ACC,45862,2.2,119,1,5,-2.8,7.0-24.0,3.0-17.0,<0.1%,-
,Wichita State Shockers,American,19-14,2.2,120,2,-0.1,2.4,19.0-14.0,8.0-10.0,<0.1%,-
,Murray State Racers,MVC,16-17,2.2,121,--,0.2,2,16.0-17.0,9.0-11.0,<0.1%,-
,Virginia Tech Hokies,ACC,13-19,1.9,122,--,0.7,1.2,13.0-19.0,8.0-12.0,<0.1%,-
,Charleston Cougars,CAA,24-9,1.8,123,--,0.4,1.4,24.0-9.0,13.0-5.0,<0.1%,-
,Illinois State Redbirds,MVC,19-14,1.7,124,--,2.9,-1.1,19.0-14.0,10.0-10.0,<0.1%,-
,UNC Greensboro Spartans,SoCon,20-12,1.4,125,3,-0.1,1.5,20.0-12.0,13.0-5.0,<0.1%,-
,Utah Valley Wolverines,WAC,25-8,1.4,126,6,-1.3,2.8,25.0-8.0,15.0-1.0,>99.9%,-
,Tulane Green Wave,American,19-14,1.3,127,23,0.2,1.2,19.0-14.0,12.0-6.0,<0.1%,-
,Northern Colorado Bears,Big Sky,25-9,1.3,128,14,2.5,-1.2,25.0-9.0,15.0-3.0,>99.9%,-
,Kent State Golden Flashes,MAC,22-11,1.3,129,2,-0.8,2.1,22.0-11.0,11.0-7.0,<0.1%,-
,Davidson Wildcats,A-10,17-16,1.3,130,--,1.3,-0.1,17.0-16.0,6.0-12.0,<0.1%,-
Bryant,Bryant Bulldogs,Am. East,23-11,1.2,131,9,-0.2,1.4,23.1-11.9,14.0-2.0,>99.9%,9th
,Princeton Tigers,Ivy,19-11,1.2,132,2,0.5,0.7,19.0-11.0,8.0-6.0,<0.1%,-
,Cal State Northridge Matadors,Big West,22-10,1.2,133,4,-0.8,2,22.0-10.0,14.0-6.0,<0.1%,-
,Chattanooga Mocs,SoCon,24-9,1.2,134,3,3.6,-2.4,24.0-9.0,15.0-3.0,>99.9%,-
,Rhode Island Rams,A-10,18-13,1.1,135,10,1,0.1,18.0-13.0,7.0-11.0,<0.1%,-
,Furman Paladins,SoCon,25-9,1.1,136,3,1.3,-0.2,25.0-9.0,11.0-7.0,<0.1%,-
,James Madison Dukes,Sun Belt,20-12,1,137,11,1.6,-0.5,20.0-12.0,13.0-5.0,>99.9%,-
,South Alabama Jaguars,Sun Belt,21-11,1,138,2,-0.6,1.6,21.0-11.0,13.0-5.0,>99.9%,-
Wofford,Wofford Terriers,SoCon,19-15,0.9,139,5,2.8,-1.9,19.0-16.0,10.0-8.0,<0.1%,3rd
,Louisiana Tech Bulldogs,CUSA,20-12,0.9,140,1,-0.2,1.1,20.0-12.0,9.0-9.0,<0.1%,-
,Middle Tennessee Blue Raiders,CUSA,22-11,0.9,141,3,-0.3,1.2,22.0-11.0,12.0-6.0,<0.1%,-
,Temple Owls,American,17-15,0.8,142,5,2,-1.2,17.0-15.0,9.0-9.0,<0.1%,-
,Miami (OH) RedHawks,MAC,25-9,0.6,143,5,0.6,0,25.0-9.0,14.0-4.0,<0.1%,-
,Seattle U Redhawks,WAC,14-18,0.6,144,3,-2.5,3.2,14.0-18.0,8.0-8.0,<0.1%,-
,Towson Tigers,CAA,22-11,0.6,145,10,-0.6,1.2,22.0-11.0,16.0-2.0,>99.9%,-
,Milwaukee Panthers,Horizon,21-11,0.6,146,1,0.2,0.4,21.0-11.0,14.0-6.0,<0.1%,-
,South Florida Bulls,American,13-19,0.5,147,--,-1,1.5,13.0-19.0,6.0-12.0,<0.1%,-
,Purdue Fort Wayne Mastodons,Horizon,19-13,0.5,148,1,1.3,-0.8,19.0-13.0,12.0-8.0,<0.1%,-
,St. Thomas-Minnesota Tommies,Summit,24-10,0.4,149,6,2.8,-2.4,24.0-10.0,12.0-4.0,<0.1%,-
,Seton Hall Pirates,Big East,45863,0.4,150,3,-3.6,4,7.0-25.0,2.0-18.0,<0.1%,-
,East Tennessee State Buccaneers,SoCon,19-13,0.2,151,3,-1.5,1.7,19.0-13.0,12.0-6.0,<0.1%,-
,Ohio Bobcats,MAC,16-16,0.2,152,--,0.9,-0.7,16.0-16.0,10.0-8.0,<0.1%,-
,Jacksonville State Gamecocks,CUSA,22-12,0.2,153,2,0.3,-0.1,22.0-12.0,12.0-6.0,<0.1%,-
,UIC Flames,MVC,17-14,0.2,154,2,-0.4,0.6,17.0-14.0,10.0-10.0,<0.1%,-
,North Alabama Lions,ASUN,24-10,0.1,155,--,1.6,-1.5,24.0-10.0,14.0-4.0,>99.9%,-
,Winthrop Eagles,Big South,23-11,0,156,1,0.7,-0.7,23.0-11.0,11.0-5.0,<0.1%,-
,UC Santa Barbara Gauchos,Big West,21-13,0,157,1,0.4,-0.5,21.0-13.0,11.0-9.0,<0.1%,-
,South Dakota State Jackrabbits,Summit,20-12,-0.1,158,2,0.5,-0.7,20.0-12.0,11.0-5.0,<0.1%,-
,East Carolina Pirates,American,19-14,-0.1,159,13,0.2,-0.3,19.0-14.0,10.0-8.0,<0.1%,-
,Texas A&M-Corpus Christi Islanders,Southland,20-14,-0.2,160,1,-1.6,1.5,20.0-14.0,12.0-8.0,<0.1%,-
,Boston College Eagles,ACC,46010,-0.2,161,--,-0.2,-0.1,12.0-19.0,4.0-16.0,<0.1%,-
,Belmont Bruins,MVC,22-11,-0.3,162,1,1.5,-1.9,22.0-11.0,13.0-7.0,<0.1%,-
,App State Mountaineers,Sun Belt,17-14,-0.4,163,1,-3.5,3.1,17.0-14.0,10.0-8.0,<0.1%,-
,New Mexico State Aggies,CUSA,17-15,-0.7,164,1,-3.4,2.7,17.0-15.0,10.0-8.0,<0.1%,-
,La Salle Explorers,A-10,14-19,-0.7,165,9,-1.2,0.4,14.0-19.0,5.0-13.0,<0.1%,-
,California Baptist Lancers,WAC,17-15,-0.8,166,1,-1,0.2,17.0-15.0,9.0-7.0,<0.1%,-
,Central Connecticut Blue Devils,NEC,25-7,-0.9,167,1,-3.2,2.3,25.0-7.0,14.0-2.0,>99.9%,-
Robert Morris,Robert Morris Colonials,Horizon,26-8,-0.9,168,3,-1.4,0.5,26.0-9.0,15.0-5.0,>99.9%,4th
,Loyola Marymount Lions,WCC,17-15,-1,169,--,-1.9,0.9,17.0-15.0,8.0-10.0,<0.1%,-
,Cleveland State Vikings,Horizon,21-12,-1,170,2,-2.4,1.5,21.0-12.0,14.0-6.0,<0.1%,-
Norfolk State,Norfolk State Spartans,MEAC,24-10,-1.1,171,7,-0.1,-0.9,24.0-11.0,11.0-3.0,>99.9%,2nd
,Montana State Bobcats,Big Sky,15-18,-1.2,172,--,-1.2,0.1,15.0-18.0,9.0-9.0,<0.1%,-
Montana,Montana Grizzlies,Big Sky,25-9,-1.2,173,23,1.2,-2.3,25.1-9.9,15.0-3.0,>99.9%,16th
,North Dakota State Bison,Summit,21-11,-1.2,174,3,3.1,-4.3,21.0-11.0,10.0-6.0,<0.1%,-
,Drexel Dragons,CAA,18-15,-1.2,175,--,-2,0.8,18.0-15.0,9.0-9.0,<0.1%,-
,Radford Highlanders,Big South,20-13,-1.2,176,--,0.9,-2.2,20.0-13.0,9.0-7.0,<0.1%,-
,Massachusetts Minutemen,A-10,20-Dec,-1.3,177,7,-2.6,1.3,12.0-20.0,7.0-11.0,<0.1%,-
,Florida Gulf Coast Eagles,ASUN,18-14,-1.3,178,1,0.1,-1.4,18.0-14.0,13.0-5.0,<0.1%,-
,Marshall Thundering Herd,Sun Belt,20-13,-1.4,179,1,-1.6,0.3,20.0-13.0,12.0-6.0,<0.1%,-
,Nicholls Colonels,Southland,20-13,-1.4,180,2,-1.7,0.3,20.0-13.0,13.0-7.0,<0.1%,-
,San José State Spartans,Mountain West,15-19,-1.4,181,3,-0.4,-1,15.0-19.0,7.0-13.0,<0.1%,-
,Indiana State Sycamores,MVC,14-18,-1.4,182,--,1,-2.4,14.0-18.0,8.0-12.0,<0.1%,-
,Maine Black Bears,Am. East,20-14,-1.5,183,--,-4,2.5,20.0-14.0,10.0-6.0,<0.1%,-
,Vermont Catamounts,Am. East,21-12,-1.5,184,11,-3.6,2.1,21.0-12.0,13.0-3.0,<0.1%,-
,Kennesaw State Owls,CUSA,19-14,-1.5,185,5,-1.8,0.3,19.0-14.0,10.0-8.0,<0.1%,-
,UTSA Roadrunners,American,46010,-1.6,186,2,0.2,-1.8,12.0-19.0,6.0-12.0,<0.1%,-
,Dartmouth Big Green,Ivy,14-14,-1.6,187,6,-3.5,1.9,14.0-14.0,8.0-6.0,<0.1%,-
,Youngstown State Penguins,Horizon,21-13,-1.6,188,3,-2.9,1.3,21.0-13.0,13.0-7.0,<0.1%,-
,Longwood Lancers,Big South,18-14,-1.7,189,2,-1.1,-0.6,18.0-14.0,7.0-9.0,<0.1%,-
,UNC Asheville Bulldogs,Big South,21-11,-1.7,190,1,0.7,-2.4,21.0-11.0,11.0-5.0,<0.1%,-
,Brown Bears,Ivy,14-13,-1.7,191,--,-2,0.2,14.0-13.0,6.0-8.0,<0.1%,-
,UMass Lowell River Hawks,Am. East,17-15,-1.8,192,--,0.6,-2.4,17.0-15.0,6.0-10.0,<0.1%,-
,Northeastern Huskies,CAA,17-15,-1.8,193,1,-1.6,-0.2,17.0-15.0,9.0-9.0,<0.1%,-
,Rice Owls,American,13-19,-1.8,194,8,-1,-0.8,13.0-19.0,4.0-14.0,<0.1%,-
,Texas State Bobcats,Sun Belt,16-16,-1.8,195,2,0.2,-2.1,16.0-16.0,9.0-9.0,<0.1%,-
,UTEP Miners,CUSA,18-15,-2,196,3,-3.3,1.3,18.0-15.0,7.0-11.0,<0.1%,-
,South Carolina State Bulldogs,MEAC,20-13,-2,197,4,-2.7,0.7,20.0-13.0,11.0-3.0,>99.9%,-
,Western Kentucky Hilltoppers,CUSA,17-15,-2.1,198,3,-3.3,1.3,17.0-15.0,8.0-10.0,<0.1%,-
,Wyoming Cowboys,Mountain West,46011,-2.1,199,3,-2.1,0,12.0-20.0,5.0-15.0,<0.1%,-
,UC Riverside Highlanders,Big West,21-12,-2.2,200,7,-0.1,-2,21.0-12.0,14.0-6.0,<0.1%,-
,Merrimack Warriors,MAAC,18-15,-2.2,201,3,-5.4,3.1,18.0-15.0,14.0-6.0,<0.1%,-
,Quinnipiac Bobcats,MAAC,20-13,-2.3,202,2,-3.3,1.1,20.0-13.0,15.0-5.0,>99.9%,-
,Valparaiso Beacons,MVC,15-19,-2.4,203,2,-0.8,-1.6,15.0-19.0,6.0-14.0,<0.1%,-
,Hofstra Pride,CAA,15-18,-2.4,204,--,-4.8,2.4,15.0-18.0,6.0-12.0,<0.1%,-
,Sam Houston Bearkats,CUSA,13-19,-2.4,205,2,0.1,-2.5,13.0-19.0,6.0-12.0,<0.1%,-
,Oakland Golden Grizzlies,Horizon,16-18,-2.4,206,1,-1,-1.4,16.0-18.0,11.0-9.0,<0.1%,-
,Southern Illinois Salukis,MVC,14-19,-2.4,207,1,-1.4,-1,14.0-19.0,8.0-12.0,<0.1%,-
,Elon Phoenix,CAA,17-15,-2.5,208,--,-0.4,-2.1,17.0-15.0,8.0-10.0,<0.1%,-
,Kansas City Roos,Summit,13-20,-2.5,209,1,-3.2,0.7,13.0-20.0,4.0-12.0,<0.1%,-
,UT Arlington Mavericks,WAC,13-18,-2.8,210,1,-0.7,-2,13.0-18.0,6.0-10.0,<0.1%,-
Omaha,Omaha Mavericks,Summit,22-12,-2.8,211,4,0.2,-3,22.0-13.0,13.0-3.0,>99.9%,10th
,Toledo Rockets,MAC,18-15,-2.8,212,1,2.7,-5.6,18.0-15.0,10.0-8.0,<0.1%,-
,Fordham Rams,A-10,46012,-2.9,213,9,-1.3,-1.6,12.0-21.0,3.0-15.0,<0.1%,-
,Lamar Cardinals,Southland,20-13,-2.9,214,2,-4.3,1.3,20.0-13.0,14.0-6.0,<0.1%,-
,Bucknell Bison,Patriot,18-15,-3,215,4,-2.8,-0.2,18.0-15.0,13.0-5.0,>99.9%,-
,Wright State Raiders,Horizon,15-18,-3,216,2,1.2,-4.3,15.0-18.0,8.0-12.0,<0.1%,-
,Campbell Fighting Camels,CAA,15-17,-3.3,217,1,-3.7,0.4,15.0-17.0,10.0-8.0,<0.1%,-
,William & Mary Tribe,CAA,17-15,-3.5,218,6,-0.6,-2.8,17.0-15.0,11.0-7.0,<0.1%,-
,Charlotte 49ers,American,45983,-3.5,219,5,-0.6,-2.9,11.0-22.0,3.0-15.0,<0.1%,-
,Southern Jaguars,SWAC,20-12,-3.5,220,3,-5.3,1.8,20.0-12.0,15.0-3.0,>99.9%,-
,Central Michigan Chippewas,MAC,14-17,-3.5,221,1,-3.3,-0.2,14.0-17.0,7.0-11.0,<0.1%,-
,Hampton Pirates,CAA,17-16,-3.5,222,3,-2.9,-0.6,17.0-16.0,8.0-10.0,<0.1%,-
,Richmond Spiders,A-10,45952,-3.7,223,4,-2.8,-0.9,10.0-22.0,5.0-13.0,<0.1%,-
,Eastern Kentucky Colonels,ASUN,18-14,-3.7,224,2,-0.4,-3.3,18.0-14.0,12.0-6.0,<0.1%,-
,Jacksonville Dolphins,ASUN,19-13,-3.8,225,3,-4.3,0.5,19.0-13.0,12.0-6.0,<0.1%,-
,Presbyterian Blue Hose,Big South,14-18,-3.8,226,3,-1.7,-2.1,14.0-18.0,7.0-9.0,<0.1%,-
American,American University Eagles,Patriot,22-12,-3.9,227,7,-2.8,-1.1,22.5-12.5,13.0-5.0,>99.9%,61st
,Delaware Blue Hens,CAA,16-20,-3.9,228,16,0.1,-3.9,16.0-20.0,5.0-13.0,<0.1%,-
,Portland State Vikings,Big Sky,19-13,-3.9,229,8,-4.9,1,19.0-13.0,11.0-7.0,<0.1%,-
,Colgate Raiders,Patriot,14-19,-3.9,230,5,-1.8,-2.1,14.0-19.0,10.0-8.0,<0.1%,-
,Queens University Royals,ASUN,19-14,-4.1,231,--,-2,-2.1,19.0-14.0,11.0-7.0,<0.1%,-
,SE Louisiana Lions,Southland,18-14,-4.2,232,2,-3.1,-1.1,18.0-14.0,12.0-8.0,<0.1%,-
,Idaho State Bengals,Big Sky,15-15,-4.2,233,10,-1.9,-2.3,15.0-15.0,10.0-8.0,<0.1%,-
,Northern Kentucky Norse,Horizon,17-16,-4.2,234,2,-3.6,-0.7,17.0-16.0,11.0-9.0,<0.1%,-
,Tulsa Golden Hurricane,American,13-20,-4.3,235,10,-3.4,-0.9,13.0-20.0,6.0-12.0,<0.1%,-
,Cal Poly Mustangs,Big West,16-19,-4.5,236,12,-1.3,-3.2,16.0-19.0,8.0-12.0,<0.1%,-
,Missouri State Bears,MVC,45923,-4.5,237,4,-3.9,-0.6,9.0-23.0,2.0-18.0,<0.1%,-
,Pepperdine Waves,WCC,13-22,-4.5,238,9,-1.6,-2.9,13.0-22.0,4.0-14.0,<0.1%,-
Mount St. Mary's,Mount St. Mary's Mountaineers,MAAC,22-12,-4.6,239,18,-4.8,0.2,22.5-12.5,12.0-8.0,<0.1%,60th
SIU Edwardsville,SIU Edwardsville Cougars,OVC,22-11,-4.6,240,4,-4.7,0.1,22.0-12.0,13.0-7.0,<0.1%,1st
,Columbia Lions,Ivy,46006,-4.6,241,6,-0.8,-3.9,12.0-15.0,1.0-13.0,<0.1%,-
,Monmouth Hawks,CAA,13-20,-4.7,242,--,-1.9,-2.7,13.0-20.0,10.0-8.0,<0.1%,-
,Southeast Missouri State Redhawks,OVC,21-12,-4.7,243,5,-5.7,0.9,21.0-12.0,15.0-5.0,>99.9%,-
,Abilene Christian Wildcats,WAC,16-16,-4.7,244,7,-6.3,1.5,16.0-16.0,8.0-8.0,<0.1%,-
,UAlbany Great Danes,Am. East,17-16,-4.8,245,6,-2.1,-2.7,17.0-16.0,8.0-8.0,<0.1%,-
,Harvard Crimson,Ivy,46006,-4.8,246,5,-3.8,-1,12.0-15.0,7.0-7.0,<0.1%,-
,Mercer Bears,SoCon,14-19,-4.9,247,4,-4.5,-0.4,14.0-19.0,6.0-12.0,<0.1%,-
,Northern Arizona Lumberjacks,Big Sky,18-15,-5,248,2,-2.2,-2.8,18.0-15.0,8.0-10.0,<0.1%,-
,Little Rock Trojans,OVC,19-14,-5.1,249,1,-5.7,0.7,19.0-14.0,12.0-8.0,<0.1%,-
,Weber State Wildcats,Big Sky,46013,-5.1,250,10,-2.4,-2.7,12.0-22.0,5.0-13.0,<0.1%,-
,Iona Gaels,MAAC,17-17,-5.2,251,3,-5.2,0,17.0-17.0,12.0-8.0,<0.1%,-
,Georgia State Panthers,Sun Belt,14-19,-5.2,252,1,-0.9,-4.3,14.0-19.0,8.0-10.0,<0.1%,-
,Navy Midshipmen,Patriot,15-19,-5.3,253,4,-3.3,-2,15.0-19.0,10.0-8.0,<0.1%,-
,Cal State Bakersfield Roadrunners,Big West,14-19,-5.3,254,1,-1.8,-3.5,14.0-19.0,8.0-12.0,<0.1%,-
,Georgia Southern Eagles,Sun Belt,17-16,-5.3,255,2,-3.1,-2.2,17.0-16.0,8.0-10.0,<0.1%,-
,Hawai'i Rainbow Warriors,Big West,15-16,-5.4,256,--,-3.5,-1.9,15.0-16.0,7.0-13.0,<0.1%,-
,South Dakota Coyotes,Summit,19-14,-5.4,257,1,0.4,-5.8,19.0-14.0,9.0-7.0,<0.1%,-
,Incarnate Word Cardinals,Southland,17-16,-5.5,258,6,-1.8,-3.7,17.0-16.0,9.0-11.0,<0.1%,-
,UC Davis Aggies,Big West,15-17,-5.5,259,7,-6.6,1.1,15.0-17.0,9.0-11.0,<0.1%,-
,Ball State Cardinals,MAC,14-17,-5.5,260,1,-2.3,-3.2,14.0-17.0,7.0-11.0,<0.1%,-
,UT Rio Grande Valley Vaqueros,Southland,16-15,-5.5,261,1,-3.4,-2.2,16.0-15.0,8.0-12.0,<0.1%,-
,Saint Peter's Peacocks,MAAC,46007,-5.6,262,1,-6.6,1,12.0-16.0,7.0-13.0,<0.1%,-
,Marist Red Foxes,MAAC,20-10,-5.6,263,4,-6.3,0.7,20.0-10.0,13.0-7.0,<0.1%,-
,Manhattan Jaspers,MAAC,17-13,-5.8,264,2,-1.3,-4.4,17.0-13.0,12.0-8.0,<0.1%,-
,Sacred Heart Pioneers,MAAC,15-18,-6,265,3,-2,-3.9,15.0-18.0,10.0-10.0,<0.1%,-
,Gardner-Webb Runnin' Bulldogs,Big South,45981,-6,266,--,-3.3,-2.7,11.0-20.0,5.0-11.0,<0.1%,-
,Tennessee State Tigers,OVC,17-16,-6.1,267,--,-4.4,-1.7,17.0-16.0,12.0-8.0,<0.1%,-
,North Carolina Central Eagles,MEAC,14-19,-6.2,268,3,-2.3,-3.9,14.0-19.0,6.0-8.0,<0.1%,-
,Evansville Purple Aces,MVC,45982,-6.2,269,--,-6.2,0,11.0-21.0,8.0-12.0,<0.1%,-
,Lehigh Mountain Hawks,Patriot,45980,-6.3,270,--,-4.2,-2.1,11.0-19.0,6.0-12.0,<0.1%,-
,Pennsylvania Quakers,Ivy,45888,-6.3,271,--,-1.7,-4.6,8.0-19.0,4.0-10.0,<0.1%,-
,Lafayette Leopards,Patriot,13-20,-6.4,272,--,-5.8,-0.6,13.0-20.0,7.0-11.0,<0.1%,-
,UMBC Retrievers,Am. East,13-19,-6.5,273,--,-0.9,-5.7,13.0-19.0,5.0-11.0,<0.1%,-
,Fresno State Bulldogs,Mountain West,45834,-6.5,274,--,-5,-1.6,6.0-26.0,2.0-18.0,<0.1%,-
Alabama State,Alabama State Hornets,SWAC,19-15,-6.6,275,9,-4.6,-2,19.6-15.4,12.0-6.0,<0.1%,64th
,Boston University Terriers,Patriot,16-16,-6.6,276,1,-4.8,-1.8,16.0-16.0,10.0-8.0,<0.1%,-
,Stephen F. Austin Lumberjacks,Southland,14-17,-6.6,277,1,-8.7,2.1,14.0-17.0,7.0-13.0,<0.1%,-
,Siena Saints,MAAC,14-18,-6.7,278,1,-4.4,-2.3,14.0-18.0,9.0-11.0,<0.1%,-
,Northwestern State Demons,Southland,16-16,-6.8,279,4,-4.6,-2.2,17.0-16.0,12.0-8.0,<0.1%,65th
,North Florida Ospreys,ASUN,15-17,-6.8,280,1,0,-6.8,15.0-17.0,8.0-10.0,<0.1%,-
,Eastern Michigan Eagles,MAC,16-16,-6.8,281,4,-2.9,-3.9,16.0-16.0,9.0-9.0,<0.1%,-
,Texas Southern Tigers,SWAC,15-17,-6.8,282,4,-6.9,0,15.0-17.0,12.0-6.0,<0.1%,-
,North Dakota Fighting Hawks,Summit,46012,-6.8,283,1,-1.5,-5.3,12.0-21.0,5.0-11.0,<0.1%,-
,Bowling Green Falcons,MAC,14-18,-6.9,284,7,-4.8,-2.1,14.0-18.0,8.0-10.0,<0.1%,-
,Idaho Vandals,Big Sky,14-19,-7,285,1,-1.4,-5.6,14.0-19.0,8.0-10.0,<0.1%,-
,Jackson State Tigers,SWAC,16-18,-7,286,4,-5.4,-1.6,16.0-18.0,14.0-4.0,<0.1%,-
,Bethune-Cookman Wildcats,SWAC,17-16,-7.1,287,7,-6.3,-0.8,17.0-16.0,13.0-5.0,<0.1%,-
,Old Dominion Monarchs,Sun Belt,15-20,-7.1,288,--,-5.4,-1.7,15.0-20.0,8.0-10.0,<0.1%,-
,Delaware State Hornets,MEAC,16-14,-7.1,289,2,-4.8,-2.3,16.0-14.0,8.0-6.0,<0.1%,-
,Austin Peay Governors,ASUN,14-19,-7.4,290,1,-3.7,-3.6,14.0-19.0,8.0-10.0,<0.1%,-
,Long Island University Sharks,NEC,17-16,-7.5,291,--,-7.9,0.4,17.0-16.0,12.0-4.0,<0.1%,-
,Florida International Panthers,CUSA,45953,-7.5,292,--,-7.6,0.1,10.0-23.0,3.0-15.0,<0.1%,-
,UT Martin Skyhawks,OVC,14-19,-7.8,293,--,-4.2,-3.6,14.0-19.0,9.0-11.0,<0.1%,-
,Tarleton State Texans,WAC,46011,-7.8,294,2,-9,1.2,12.0-20.0,7.0-9.0,<0.1%,-
,Fairleigh Dickinson Knights,NEC,13-20,-7.9,295,1,-5.1,-2.8,13.0-20.0,8.0-8.0,<0.1%,-
,Southern Miss Golden Eagles,Sun Belt,45983,-7.9,296,1,-6.6,-1.3,11.0-22.0,5.0-13.0,<0.1%,-
,Charleston Southern Buccaneers,Big South,45952,-8,297,--,-5,-3.1,10.0-22.0,6.0-10.0,<0.1%,-
,Louisiana Ragin' Cajuns,Sun Belt,46012,-8.1,298,--,-5.9,-2.2,12.0-21.0,8.0-10.0,<0.1%,-
,Niagara Purple Eagles,MAAC,45981,-8.3,299,3,-3.8,-4.5,11.0-20.0,6.0-14.0,<0.1%,-
,Rider Broncs,MAAC,14-19,-8.4,300,1,-3.8,-4.6,14.0-19.0,9.0-11.0,<0.1%,-
,Army Black Knights,Patriot,16-15,-8.4,301,2,-4.6,-3.8,16.0-15.0,10.0-8.0,<0.1%,-
,Loyola Maryland Greyhounds,Patriot,46010,-8.4,302,2,-5.3,-3.1,12.0-19.0,6.0-12.0,<0.1%,-
,Fairfield Stags,MAAC,46011,-8.5,303,3,-4.6,-3.9,12.0-20.0,8.0-12.0,<0.1%,-
,Air Force Falcons,Mountain West,45775,-8.5,304,2,-5.2,-3.3,4.0-28.0,1.0-19.0,<0.1%,-
,Western Michigan Broncos,MAC,46011,-8.5,305,--,-4.5,-4.1,12.0-20.0,9.0-9.0,<0.1%,-
,Southern Utah Thunderbirds,WAC,46010,-8.6,306,5,-6.3,-2.3,12.0-19.0,4.0-12.0,<0.1%,-
Saint Francis (PA),St. Francis (PA) Red Flash,NEC,16-17,-8.7,307,3,-5,-3.7,16.4-17.6,8.0-8.0,<0.1%,63rd
,Eastern Washington Eagles,Big Sky,45952,-8.8,308,--,-4.4,-4.4,10.0-22.0,6.0-12.0,<0.1%,-
,Binghamton Bearcats,Am. East,15-17,-8.9,309,--,-5.4,-3.4,15.0-17.0,7.0-9.0,<0.1%,-
,Portland Pilots,WCC,46011,-8.9,310,1,-3.2,-5.6,12.0-20.0,7.0-11.0,<0.1%,-
,Wagner Seahawks,NEC,14-16,-8.9,311,2,-8.6,-0.3,14.0-16.0,6.0-10.0,<0.1%,-
,Morehead State Eagles,OVC,15-17,-8.9,312,--,-6.3,-2.6,15.0-17.0,10.0-10.0,<0.1%,-
,Grambling Tigers,SWAC,46013,-8.9,313,4,-7.8,-1.1,12.0-22.0,7.0-11.0,<0.1%,-
,Howard Bison,MEAC,46011,-8.9,314,7,-2.9,-6,12.0-20.0,7.0-7.0,<0.1%,-
,Holy Cross Crusaders,Patriot,13-19,-9,315,1,-3.8,-5.2,13.0-19.0,5.0-13.0,<0.1%,-
,Pacific Tigers,WCC,45924,-9.2,316,--,-5.6,-3.6,9.0-24.0,4.0-14.0,<0.1%,-
,Stony Brook Seawolves,CAA,45893,-9.3,317,2,-3.4,-5.9,8.0-24.0,4.0-14.0,<0.1%,-
,Utah Tech Trailblazers,WAC,45864,-9.4,318,--,-5.2,-4.1,7.0-26.0,2.0-14.0,<0.1%,-
,Houston Christian Huskies,Southland,46011,-9.6,319,--,-6.5,-3.2,12.0-20.0,9.0-11.0,<0.1%,-
,Oral Roberts Golden Eagles,Summit,45861,-9.7,320,--,-3.5,-6.2,7.0-23.0,3.0-13.0,<0.1%,-
,Eastern Illinois Panthers,OVC,46010,-9.7,321,--,-8.9,-0.8,12.0-19.0,8.0-12.0,<0.1%,-
,San Diego Toreros,WCC,45835,-9.8,322,--,-6.5,-3.4,6.0-27.0,2.0-16.0,<0.1%,-
,North Carolina A&T Aggies,CAA,45863,-10,323,1,-6,-4,7.0-25.0,3.0-15.0,<0.1%,-
,Long Beach State Beach,Big West,45863,-10,324,1,-5.4,-4.6,7.0-25.0,3.0-17.0,<0.1%,-
,VMI Keydets,SoCon,15-19,-10.1,325,2,-6.2,-3.9,15.0-19.0,7.0-11.0,<0.1%,-
,Tennessee Tech Golden Eagles,OVC,15-17,-10.1,326,--,-5.4,-4.7,15.0-17.0,10.0-10.0,<0.1%,-
,Morgan State Bears,MEAC,14-18,-10.3,327,5,-4.3,-5.9,14.0-18.0,7.0-7.0,<0.1%,-
,Alcorn State Braves,SWAC,45982,-10.3,328,--,-5.9,-4.4,11.0-21.0,11.0-7.0,<0.1%,-
,Florida A&M Rattlers,SWAC,14-17,-10.3,329,2,-5.1,-5.2,14.0-17.0,10.0-8.0,<0.1%,-
,Stonehill Skyhawks,NEC,15-17,-10.4,330,1,-5.8,-4.6,15.0-17.0,7.0-9.0,<0.1%,-
,Coastal Carolina Chanticleers,Sun Belt,45952,-10.5,331,1,-5.2,-5.3,10.0-22.0,3.0-15.0,<0.1%,-
,Lindenwood Lions,OVC,16-17,-10.6,332,1,-9.1,-1.5,16.0-17.0,10.0-10.0,<0.1%,-
,Southern Indiana Screaming Eagles,OVC,45950,-10.7,333,--,-6.2,-4.5,10.0-20.0,5.0-15.0,<0.1%,-
,Denver Pioneers,Summit,45982,-10.7,334,--,-5.5,-5.2,11.0-21.0,5.0-11.0,<0.1%,-
,IU Indianapolis Jaguars,Horizon,45952,-10.9,335,--,-2.1,-8.8,10.0-22.0,6.0-14.0,<0.1%,-
,Sacramento State Hornets,Big Sky,45863,-11,336,--,-7.9,-3.1,7.0-25.0,3.0-15.0,<0.1%,-
,Green Bay Phoenix,Horizon,45775,-11.2,337,--,-4.8,-6.5,4.0-28.0,2.0-18.0,<0.1%,-
,UL Monroe Warhawks,Sun Belt,45863,-11.5,338,--,-6.8,-4.7,7.0-25.0,3.0-15.0,<0.1%,-
,South Carolina Upstate Spartans,Big South,45834,-11.7,339,--,-7.1,-4.6,6.0-26.0,2.0-14.0,<0.1%,-
,Western Illinois Leathernecks,OVC,46010,-11.8,340,--,-6.3,-5.5,12.0-19.0,6.0-14.0,<0.1%,-
,Western Carolina Catamounts,SoCon,45891,-11.9,341,--,-8.4,-3.4,8.0-22.0,4.0-14.0,<0.1%,-
,Northern Illinois Huskies,MAC,45833,-11.9,342,--,-8.4,-3.5,6.0-25.0,2.0-16.0,<0.1%,-
,West Georgia Wolves,ASUN,45833,-12,343,--,-7.4,-4.6,6.0-25.0,4.0-14.0,<0.1%,-
,Le Moyne Dolphins,NEC,45923,-12.3,344,--,-4.5,-7.9,9.0-23.0,4.0-12.0,<0.1%,-
,Mercyhurst Lakers,NEC,15-16,-12.4,345,1,-7.1,-5.3,15.0-16.0,9.0-7.0,<0.1%,-
,NJIT Highlanders,Am. East,45833,-12.5,346,1,-8,-4.5,6.0-25.0,3.0-13.0,<0.1%,-
,Detroit Mercy Titans,Horizon,45893,-12.5,347,--,-8.5,-3.9,8.0-24.0,4.0-16.0,<0.1%,-
,Bellarmine Knights,ASUN,45803,-12.5,348,--,-3.6,-8.9,5.0-26.0,2.0-16.0,<0.1%,-
,East Texas A&M Lions,Southland,45803,-12.6,349,--,-8.7,-4,5.0-26.0,3.0-17.0,<0.1%,-
,Central Arkansas Bears,ASUN,45924,-13.2,350,--,-7.2,-6,9.0-24.0,4.0-14.0,<0.1%,-
,New Hampshire Wildcats,Am. East,45893,-13.4,351,--,-8.9,-4.4,8.0-24.0,6.0-10.0,<0.1%,-
,Buffalo Bulls,MAC,45922,-13.9,352,--,-8.6,-5.2,9.0-22.0,4.0-14.0,<0.1%,-
,New Orleans Privateers,Southland,45774,-14.1,353,--,-6.5,-7.6,4.0-27.0,2.0-18.0,<0.1%,-
,Stetson Hatters,ASUN,45893,-14.3,354,--,-6,-8.4,8.0-24.0,6.0-12.0,<0.1%,-
,Cal State Fullerton Titans,Big West,45834,-14.5,355,--,-10,-4.5,6.0-26.0,1.0-19.0,<0.1%,-
,Canisius Golden Griffins,MAAC,45744,-14.6,356,--,-5.9,-8.7,3.0-28.0,3.0-17.0,<0.1%,-
,Prairie View A&M Panthers,SWAC,45804,-14.9,357,--,-7.4,-7.5,5.0-27.0,4.0-14.0,<0.1%,-
,Alabama A&M Bulldogs,SWAC,45952,-15.2,358,--,-10.1,-5.1,10.0-22.0,6.0-12.0,<0.1%,-
,Chicago State Cougars,NEC,45775,-15.2,359,--,-10.2,-5,4.0-28.0,4.0-12.0,<0.1%,-
,The Citadel Bulldogs,SoCon,45802,-15.6,360,--,-8.7,-6.8,5.0-25.0,0.0-18.0,<0.1%,-
,Maryland Eastern Shore Hawks,MEAC,45833,-15.7,361,--,-8.8,-6.9,6.0-25.0,2.0-12.0,<0.1%,-
,Coppin State Eagles,MEAC,45832,-17.1,362,1,-13.4,-3.8,6.0-24.0,4.0-10.0,<0.1%,-
,Arkansas-Pine Bluff Golden Lions,SWAC,45833,-17.3,363,1,-7.9,-9.5,6.0-25.0,3.0-15.0,<0.1%,-
,Mississippi Valley State Delta Devils,SWAC,45744,-28.5,364,--,-17.4,-11.1,3.0-28.0,1.0-17.0,<0.1%,-